{"branches": 23.91304347826087, "coverage": 60.176211453744486}