{"branches": 23.91304347826087, "coverage": 60.08810572687224}